Version,id
7.18.0,867374613
7.19.0,867820293
7.20.0,868635029
7.20.1,868651645
7.20.2,869118414
7.21.0,869251961
7.21.1,869584789
7.22.0,869911058
7.23.0,870353266
7.23.1,870499091
7.24.0,870690424
7.25.0,870911625
7.26.0,871354683
7.27.0,871576609
7.28.0,871788523
7.28.1,871962455
7.29.0,872429353
7.30.0,872932630
7.31.0,873296184
7.31.1,873328351
7.32.0,873684987
7.33.0,874014303
7.34.0,874332359
7.34.1,874582808
7.35.0,874915103
7.35.1,875017286
7.36.0,875275099
7.37.0,875522037
7.38.0,875937528
7.39.0,876286747
7.40.0,876754480
7.40.1,876896661
7.41.0,877141349
7.42.0,877471308
7.43.0,877867158
7.44.0,878215535
