Version,id
3.0.9,867713928
3.1.0,867950824
3.1.1,869319457
3.1.2,870015069
3.1.3,870606966
3.1.4,871201242
3.1.5,871262196
3.1.6,871873369
3.1.7,873961617
4.0.0,877774097
4.0.1,878363758
4.0.2,878463178
4.0.3,878522659
4.0.4,878593815
4.0.5,878761955
4.0.6,878820421
4.0.7,878882289
4.0.8,879256971
4.0.9,879765495
4.1.0,880271817
4.1.1,880631641
4.1.2,880991408
4.1.3,881568321
4.1.4,881635524
4.1.5,881770973
4.1.6,881994962
4.1.7,883583225
4.1.8,883794562
4.1.9,884279103
4.2.0,885507687
4.2.3,887216232
4.2.4,888609455
4.2.5,889339025
4.2.6,889665770
4.2.7,889810065
4.2.8,889922235
4.2.9,890145383
4.3.0,890285042
4.3.1,890381107
4.3.2,890491506
4.3.3,890579269
4.3.4,890700976
